{
  "accuracy": 0.6,
  "precision": 0.7,
  "recall": 0.35,
  "f1": 0.4666666666666667,
  "confusion_matrix": [
    [
      17,
      3
    ],
    [
      13,
      7
    ]
  ],
  "roc_auc": 0.6725,
  "pr_auc": 0.5829599567099566,
  "avg_precision": 0.6307792207792207,
  "fpr": [
    0.0,
    0.05,
    0.1,
    0.1,
    0.15,
    0.2,
    0.3,
    0.75,
    1.0
  ],
  "tpr": [
    0.0,
    0.0,
    0.2,
    0.3,
    0.35,
    0.5,
    0.6,
    0.9,
    1.0
  ],
  "precision_curve": [
    0.5,
    0.5454545454545454,
    0.6666666666666666,
    0.7142857142857143,
    0.7,
    0.75,
    0.6666666666666666,
    0.0,
    1.0
  ],
  "recall_curve": [
    1.0,
    0.9,
    0.6,
    0.5,
    0.35,
    0.3,
    0.2,
    0.0,
    0.0
  ],
  "sample_count": 40,
  "avg_latency": 3.367970460653305,
  "median_latency": 3.3552509546279907,
  "std_latency": 0.29844580540658733,
  "min_latency": 2.8009369373321533,
  "max_latency": 4.130720853805542,
  "accuracy_ci_lower": 0.45,
  "accuracy_ci_upper": 0.75,
  "classification_report": {
    "0": {
      "precision": 0.5666666666666667,
      "recall": 0.85,
      "f1-score": 0.68,
      "support": 20.0
    },
    "1": {
      "precision": 0.7,
      "recall": 0.35,
      "f1-score": 0.4666666666666667,
      "support": 20.0
    },
    "accuracy": 0.6,
    "macro avg": {
      "precision": 0.6333333333333333,
      "recall": 0.6,
      "f1-score": 0.5733333333333334,
      "support": 40.0
    },
    "weighted avg": {
      "precision": 0.6333333333333333,
      "recall": 0.6,
      "f1-score": 0.5733333333333335,
      "support": 40.0
    }
  }
}