{
  "accuracy": 0.7666666666666667,
  "precision": 0.9444444444444444,
  "recall": 0.5666666666666667,
  "f1": 0.7083333333333334,
  "confusion_matrix": [
    [
      29,
      1
    ],
    [
      13,
      17
    ]
  ],
  "roc_auc": 0.8866666666666667,
  "pr_auc": 0.8966450849345585,
  "avg_precision": 0.8559440267335005,
  "fpr": [
    0.0,
    0.0,
    0.03333333333333333,
    0.03333333333333333,
    0.03333333333333333,
    0.03333333333333333,
    0.06666666666666667,
    0.1,
    0.43333333333333335,
    1.0
  ],
  "tpr": [
    0.0,
    0.1,
    0.43333333333333335,
    0.4666666666666667,
    0.5666666666666667,
    0.6,
    0.6333333333333333,
    0.7,
    0.9666666666666667,
    1.0
  ],
  "precision_curve": [
    0.5,
    0.6904761904761905,
    0.875,
    0.9047619047619048,
    0.9473684210526315,
    0.9444444444444444,
    0.9333333333333333,
    0.9285714285714286,
    1.0,
    1.0
  ],
  "recall_curve": [
    1.0,
    0.9666666666666667,
    0.7,
    0.6333333333333333,
    0.6,
    0.5666666666666667,
    0.4666666666666667,
    0.43333333333333335,
    0.1,
    0.0
  ],
  "sample_count": 60,
  "avg_latency": 3.075217155615489,
  "median_latency": 3.0637749433517456,
  "std_latency": 0.3670842783456204,
  "min_latency": 2.439742088317871,
  "max_latency": 4.123374700546265,
  "accuracy_ci_lower": 0.65,
  "accuracy_ci_upper": 0.867083333333333,
  "classification_report": {
    "0": {
      "precision": 0.6904761904761905,
      "recall": 0.9666666666666667,
      "f1-score": 0.8055555555555556,
      "support": 30.0
    },
    "1": {
      "precision": 0.9444444444444444,
      "recall": 0.5666666666666667,
      "f1-score": 0.7083333333333334,
      "support": 30.0
    },
    "accuracy": 0.7666666666666667,
    "macro avg": {
      "precision": 0.8174603174603174,
      "recall": 0.7666666666666666,
      "f1-score": 0.7569444444444444,
      "support": 60.0
    },
    "weighted avg": {
      "precision": 0.8174603174603176,
      "recall": 0.7666666666666667,
      "f1-score": 0.7569444444444445,
      "support": 60.0
    }
  }
}