{
  "accuracy": 0.8333333333333334,
  "precision": 0.8125,
  "recall": 0.8666666666666667,
  "f1": 0.8387096774193549,
  "confusion_matrix": [
    [
      24,
      6
    ],
    [
      4,
      26
    ]
  ],
  "roc_auc": 0.8333333333333334,
  "pr_auc": 0.8729166666666667,
  "avg_precision": 0.7708333333333334,
  "fpr": [
    0.0,
    0.2,
    1.0
  ],
  "tpr": [
    0.0,
    0.8666666666666667,
    1.0
  ],
  "precision_curve": [
    0.5,
    0.8125,
    1.0
  ],
  "recall_curve": [
    1.0,
    0.8666666666666667,
    0.0
  ],
  "sample_count": 60,
  "avg_latency": 9.745938297112783,
  "median_latency": 9.968410015106201,
  "std_latency": 2.3444012967613093,
  "min_latency": 4.260687828063965,
  "max_latency": 14.372360944747925,
  "accuracy_ci_lower": 0.7333333333333333,
  "accuracy_ci_upper": 0.9166666666666666,
  "classification_report": {
    "0": {
      "precision": 0.8571428571428571,
      "recall": 0.8,
      "f1-score": 0.8275862068965517,
      "support": 30.0
    },
    "1": {
      "precision": 0.8125,
      "recall": 0.8666666666666667,
      "f1-score": 0.8387096774193549,
      "support": 30.0
    },
    "accuracy": 0.8333333333333334,
    "macro avg": {
      "precision": 0.8348214285714286,
      "recall": 0.8333333333333334,
      "f1-score": 0.8331479421579533,
      "support": 60.0
    },
    "weighted avg": {
      "precision": 0.8348214285714285,
      "recall": 0.8333333333333334,
      "f1-score": 0.8331479421579533,
      "support": 60.0
    }
  }
}