{
  "accuracy": 0.7,
  "precision": 0.6538461538461539,
  "recall": 0.85,
  "f1": 0.7391304347826086,
  "confusion_matrix": [
    [
      11,
      9
    ],
    [
      3,
      17
    ]
  ],
  "roc_auc": 0.6887500000000001,
  "pr_auc": 0.7748846153846155,
  "avg_precision": 0.6196923076923077,
  "fpr": [
    0.0,
    0.45,
    0.45,
    1.0
  ],
  "tpr": [
    0.0,
    0.8,
    0.85,
    1.0
  ],
  "precision_curve": [
    0.5,
    0.6538461538461539,
    0.64,
    1.0
  ],
  "recall_curve": [
    1.0,
    0.85,
    0.8,
    0.0
  ],
  "sample_count": 40,
  "avg_latency": 11.015400367975236,
  "median_latency": 10.548894047737122,
  "std_latency": 1.7841024166840591,
  "min_latency": 6.471778869628906,
  "max_latency": 17.1921489238739,
  "accuracy_ci_lower": 0.575,
  "accuracy_ci_upper": 0.85,
  "classification_report": {
    "0": {
      "precision": 0.7857142857142857,
      "recall": 0.55,
      "f1-score": 0.6470588235294118,
      "support": 20.0
    },
    "1": {
      "precision": 0.6538461538461539,
      "recall": 0.85,
      "f1-score": 0.7391304347826086,
      "support": 20.0
    },
    "accuracy": 0.7,
    "macro avg": {
      "precision": 0.7197802197802198,
      "recall": 0.7,
      "f1-score": 0.6930946291560103,
      "support": 40.0
    },
    "weighted avg": {
      "precision": 0.7197802197802197,
      "recall": 0.7,
      "f1-score": 0.6930946291560102,
      "support": 40.0
    }
  }
}